[
    {
        "id": "stylo",
        "name": "Stylo",
        "type": "arme",
        "rarity": "commun",
        "description": "Un simple stylo, mais peut causer certains dégâts à l'adversaire si il est utilisé avec précision.",
        "effects": {
            "damage":2
        }
    },
    {    
        "id": "classeur",
        "name": "Classeur",
        "type": "arme",
        "rarity": "commun",
        "description": "Objet remplis de documents et fichiers lourds. Un simple lancer de l'objet sur l'ennemi lui cause des dégâts.",
        "effects": {
            "damage":3
        }
    }, 
    {
        "id":"chaise",
        "name":"Chaise",
        "type":"arme",
        "rarity":"commun",
        "description":"Lancer de chaises, une compétition jadis très connue. Objet qui permet d'infliger quelques dégâts à l'ennemi.",
        "effects":{
            "damage":2
        }
    },
    {
        "id":"chaussure",
        "name":"Chaussure",
        "type":"arme",
        "rarity":"commun",
        "description":"Les riches s'en servent pour marcher avec, les pauvres n'ont pas cette chance. Jeter cet objet sur l'ennemi lui inflige 3 dégâts.",
        "effects":{
            "damage":3
        }
    },
    {
        "id":"agrafeuse",
        "name":"Agrafeuse",
        "type":"arme",
        "rarity":"non commun",
        "description":"Outil permettant de faire très mal là où il faut.",
        "effects":{
            "damage":5
        }
    },
    {
        "id":"ciseau",
        "name":"Ciseau",
        "type":"arme",
        "rarity":"non commun",
        "description":"Tranchant et rapide, l'ennemi n'aura pas le temps de réagir.",
        "effects":{
            "damage":6
        }
    },
    {
        "id":"produit_menager",
        "name":"Produit ménager",
        "type":"arme",
        "rarity":"non commun",
        "description":"Produit chimique irritant qui provoque des démangeaisons et des brûlures aux yeux de l’ennemi et lui inflige des dégâts modestes.",
        "effects":{
            "damage":7
        }
    },
    {
        "id":"objet_metallique",
        "name":"Objet métallique",
        "type":"arme",
        "rarity":"non commun",
        "description":"Utilisation initiale inconnue, mais c'était sûrement pour faire de l'argent.",
        "effects":{
            "damage":5
        }
    },
    {
        "id":"perceuse",
        "name":"Perceuse",
        "type":"arme",
        "rarity":"non commun",
        "description":"Utile pour percer les défenses adverses.",
        "effects":{
            "damage":6
        }
    },
    {
        "id":"couteau",
        "name":"Couteau de cuisine",
        "type":"arme",
        "rarity":"rare",
        "description":"Une lame émoussée par le temps, mais dont le tranchant semble garder le souvenir de tout ce qu’elle a touché.",
        "effects":{
            "damage":15
        }
    },
    {
        "id":"pistolet",
        "name":"Pistolet",
        "type":"arme",
        "rarity":"rare",
        "description":"Le métal est froid, le poids rassurant. Une arme faite pour protéger...mais pas que.",
        "effects":{
            "damage":20
        }
    },
    {
        "id":"matraque",
        "name":"Matraque",
        "type":"arme",
        "rarity":"rare",
        "description":"Solide et parfaitement équilibrée, elle inspire autant la sécurité que la crainte à celui qui la manie.",
        "effects":{
            "damage":10
        }
    },
    {
        "id":"casque_vr",
        "name":"Casque VR Premium Blindé",
        "type":"arme",
        "rarity":"epic",
        "description":"Chef-d'œuvre de technologie et de puissance, ce casque VR blindé isole totalement son porteur du monde réel. Derrière sa visière fumée, la peur disparaît, remplacée par une lucidité glaciale. Rien ne semble pouvoir l’atteindre — ni balle, ni doute.",
        "effects":{
            "damage":20
        }
    },
    {
        "id":"vision_nocturne",
        "name":"Lunette à vision nocturne",
        "description":"Lunette vous permettant de voir parfaitement dans l'obsurité. Permet ainsi d'augmenter les dégâts que vous faites à l'adversaire.",
        "effects":{
            "damage":15
        }
    },
    {
        "id":"stage_kung_fu",
        "name":"Stage de Kung-fu",
        "description":"Vous permet de connaître les fondamentaux du Kung-fu de toucher les points faibles de vos adversaires. Par conséquent vos attaques infligent plus de dégâts qu'en temps normal.",
        "effects":{
            "damage":20
        }
    },
    {
        "id":"montre_corporation",
        "name":"Montre The Corporation",
        "description":"Montre crée par The Corporation permettant de mettre le temps en slow motion. Vous infligez dès lors beaucoup plus de dégâts à votre adversaire.",
        "effects":{
            "damage":25
        }
    },
    {
        "id":"augmentation_charismatique",
        "name":"Augmentation charismatique",
        "description":"Votre charisme ne cesse de croître et équivaut presque celui d'une légende de courses de voitures de rue, Vin Diesel. En vous voyant, les adversaires vous craignent et sont plus vulnérables à vos attaques. Infligez dès lors des dégâts supplémentaires lors de vos attaques.",
        "effects":{
            "damage":10
        }
    }
]


